{
  "verdict": "INCONCLUSIVE",
  "reason": "Smoke run on a tiny schema fixture; not empirical evidence.",
  "source_mode": "fixture",
  "model": {
    "type": "numpy_mlp",
    "threshold": {
      "threshold": 4226.412109375,
      "quantile": 0.95,
      "calibration_count": 4
    },
    "score_summary": {
      "train": {
        "count": 4,
        "mean": 0.04349922388792038,
        "std": 0.01168770156800747,
        "min": 0.02870861627161503,
        "p50": 0.04226943850517273,
        "p90": 0.05630878359079361,
        "p99": 0.060305334627628326,
        "max": 0.060749396681785583
      },
      "calibration": {
        "count": 4,
        "mean": 3334.1923828125,
        "std": 887.4483642578125,
        "min": 2291.905517578125,
        "p50": 3406.58544921875,
        "p90": 4221.13232421875,
        "p99": 4230.6357421875,
        "max": 4231.69189453125
      },
      "test": {
        "count": 8,
        "mean": 951.5730590820312,
        "std": 1005.2014770507812,
        "min": 24.42584991455078,
        "p50": 607.8868408203125,
        "p90": 2263.60302734375,
        "p99": 2683.325927734375,
        "max": 2729.961669921875
      }
    },
    "metrics_at_threshold": {
      "threshold": 4226.412109375,
      "tp": 0,
      "fp": 0,
      "tn": 4,
      "fn": 4,
      "precision": 0.0,
      "recall": 0.0,
      "false_positive_rate": 0.0,
      "true_negative_rate": 1.0,
      "auroc": 1.0,
      "average_precision": 1.0,
      "false_alarms_per_day_approx": 0.0
    }
  },
  "baselines": {
    "write_ratio": {
      "threshold": {
        "threshold": 0.3333333432674408,
        "quantile": 0.95,
        "calibration_count": 4
      },
      "score_summary": {
        "calibration": {
          "count": 4,
          "mean": 0.25,
          "std": 0.0833333358168602,
          "min": 0.1666666716337204,
          "p50": 0.25,
          "p90": 0.3333333432674408,
          "p99": 0.3333333432674408,
          "max": 0.3333333432674408
        },
        "test": {
          "count": 8,
          "mean": 0.5833333730697632,
          "std": 0.0833333432674408,
          "min": 0.5,
          "p50": 0.5833333730697632,
          "p90": 0.6666666865348816,
          "p99": 0.6666666865348816,
          "max": 0.6666666865348816
        }
      },
      "metrics_at_threshold": {
        "threshold": 0.3333333432674408,
        "tp": 4,
        "fp": 4,
        "tn": 0,
        "fn": 0,
        "precision": 0.5,
        "recall": 1.0,
        "false_positive_rate": 1.0,
        "true_negative_rate": 0.0,
        "auroc": 1.0,
        "average_precision": 1.0,
        "false_alarms_per_day_approx": 8640.0
      }
    },
    "mean_write_entropy": {
      "threshold": {
        "threshold": 0.11283333599567413,
        "quantile": 0.95,
        "calibration_count": 4
      },
      "score_summary": {
        "calibration": {
          "count": 4,
          "mean": 0.0833333358168602,
          "std": 0.028382308781147003,
          "min": 0.053333330899477005,
          "p50": 0.0833333283662796,
          "p90": 0.11233333498239517,
          "p99": 0.11323333531618118,
          "max": 0.1133333370089531
        },
        "test": {
          "count": 8,
          "mean": 0.51583331823349,
          "std": 0.4009060859680176,
          "min": 0.10999999195337296,
          "p50": 0.512499988079071,
          "p90": 0.9259999394416809,
          "p99": 0.9280999302864075,
          "max": 0.9283332824707031
        }
      },
      "metrics_at_threshold": {
        "threshold": 0.11283333599567413,
        "tp": 4,
        "fp": 3,
        "tn": 1,
        "fn": 0,
        "precision": 0.5714285714285714,
        "recall": 1.0,
        "false_positive_rate": 0.75,
        "true_negative_rate": 0.25,
        "auroc": 1.0,
        "average_precision": 1.0,
        "false_alarms_per_day_approx": 6480.0
      }
    }
  },
  "splits": {
    "train": {
      "run_count": 1,
      "sequence_count": 4,
      "run_ids": [
        "original/win7-120gb-hdd/benign_backup_003"
      ]
    },
    "calibration": {
      "run_count": 1,
      "sequence_count": 4,
      "run_ids": [
        "original/win7-120gb-hdd/benign_office_002"
      ]
    },
    "test": {
      "run_count": 2,
      "sequence_count": 8,
      "run_ids": [
        "original/win7-120gb-hdd/benign_browser_001",
        "original/win7-120gb-hdd/locky_attack_001"
      ]
    }
  },
  "runs": [
    {
      "run_id": "original/win7-120gb-hdd/benign_backup_003",
      "label": "benign",
      "source_kind": "directory",
      "event_count": 12,
      "entropy_event_count": 6,
      "frame_count": 6,
      "sequence_count": 4
    },
    {
      "run_id": "original/win7-120gb-hdd/benign_browser_001",
      "label": "benign",
      "source_kind": "directory",
      "event_count": 12,
      "entropy_event_count": 6,
      "frame_count": 6,
      "sequence_count": 4
    },
    {
      "run_id": "original/win7-120gb-hdd/benign_office_002",
      "label": "benign",
      "source_kind": "directory",
      "event_count": 9,
      "entropy_event_count": 3,
      "frame_count": 6,
      "sequence_count": 4
    },
    {
      "run_id": "original/win7-120gb-hdd/locky_attack_001",
      "label": "attack",
      "source_kind": "directory",
      "event_count": 18,
      "entropy_event_count": 12,
      "frame_count": 6,
      "sequence_count": 4
    }
  ]
}
