{
  "verdict": "INCONCLUSIVE",
  "reason": "Smoke run on a tiny schema fixture; not empirical evidence.",
  "source_mode": "fixture",
  "model": {
    "type": "numpy_mlp",
    "threshold": {
      "threshold": 165.82351684570312,
      "quantile": 0.95,
      "calibration_count": 4
    },
    "score_summary": {
      "train": {
        "count": 4,
        "mean": 0.04007350653409958,
        "std": 0.023836316540837288,
        "min": 0.016444819048047066,
        "p50": 0.034895941615104675,
        "p90": 0.06707999110221863,
        "p99": 0.07335959374904633,
        "max": 0.07405732572078705
      },
      "calibration": {
        "count": 4,
        "mean": 127.01412200927734,
        "std": 34.946746826171875,
        "min": 85.49386596679688,
        "p50": 127.39488220214844,
        "p90": 163.87420654296875,
        "p99": 167.38296508789062,
        "max": 167.7728271484375
      },
      "test": {
        "count": 8,
        "mean": 714.1689453125,
        "std": 720.048583984375,
        "min": 28.9332218170166,
        "p50": 535.4838256835938,
        "p90": 1587.654296875,
        "p99": 1911.935546875,
        "max": 1947.966552734375
      }
    },
    "metrics_at_threshold": {
      "threshold": 165.82351684570312,
      "tp": 4,
      "fp": 0,
      "tn": 4,
      "fn": 0,
      "precision": 1.0,
      "recall": 1.0,
      "false_positive_rate": 0.0,
      "true_negative_rate": 1.0,
      "auroc": 1.0,
      "average_precision": 1.0,
      "false_alarms_per_day_approx": 0.0
    }
  },
  "baselines": {
    "write_ratio": {
      "threshold": {
        "threshold": 0.3333333432674408,
        "quantile": 0.95,
        "calibration_count": 4
      },
      "score_summary": {
        "calibration": {
          "count": 4,
          "mean": 0.25,
          "std": 0.0833333358168602,
          "min": 0.1666666716337204,
          "p50": 0.25,
          "p90": 0.3333333432674408,
          "p99": 0.3333333432674408,
          "max": 0.3333333432674408
        },
        "test": {
          "count": 8,
          "mean": 0.5833333730697632,
          "std": 0.0833333432674408,
          "min": 0.5,
          "p50": 0.5833333730697632,
          "p90": 0.6666666865348816,
          "p99": 0.6666666865348816,
          "max": 0.6666666865348816
        }
      },
      "metrics_at_threshold": {
        "threshold": 0.3333333432674408,
        "tp": 4,
        "fp": 4,
        "tn": 0,
        "fn": 0,
        "precision": 0.5,
        "recall": 1.0,
        "false_positive_rate": 1.0,
        "true_negative_rate": 0.0,
        "auroc": 1.0,
        "average_precision": 1.0,
        "false_alarms_per_day_approx": 8640.0
      }
    },
    "mean_write_entropy": {
      "threshold": {
        "threshold": 0.17000000178813934,
        "quantile": 0.95,
        "calibration_count": 4
      },
      "score_summary": {
        "calibration": {
          "count": 4,
          "mean": 0.16624999046325684,
          "std": 0.0041457838378846645,
          "min": 0.1599999964237213,
          "p50": 0.16749998927116394,
          "p90": 0.17000000178813934,
          "p99": 0.17000000178813934,
          "max": 0.17000000178813934
        },
        "test": {
          "count": 8,
          "mean": 0.51583331823349,
          "std": 0.4009060859680176,
          "min": 0.10999999195337296,
          "p50": 0.512499988079071,
          "p90": 0.9259999394416809,
          "p99": 0.9280999302864075,
          "max": 0.9283332824707031
        }
      },
      "metrics_at_threshold": {
        "threshold": 0.17000000178813934,
        "tp": 4,
        "fp": 0,
        "tn": 4,
        "fn": 0,
        "precision": 1.0,
        "recall": 1.0,
        "false_positive_rate": 0.0,
        "true_negative_rate": 1.0,
        "auroc": 1.0,
        "average_precision": 1.0,
        "false_alarms_per_day_approx": 0.0
      }
    }
  },
  "splits": {
    "train": {
      "run_count": 1,
      "sequence_count": 4,
      "run_ids": [
        "original/win7-120gb-hdd/benign_backup_003"
      ]
    },
    "calibration": {
      "run_count": 1,
      "sequence_count": 4,
      "run_ids": [
        "original/win7-120gb-hdd/benign_office_002"
      ]
    },
    "test": {
      "run_count": 2,
      "sequence_count": 8,
      "run_ids": [
        "original/win7-120gb-hdd/benign_browser_001",
        "original/win7-120gb-hdd/locky_attack_001"
      ]
    }
  },
  "runs": [
    {
      "run_id": "original/win7-120gb-hdd/benign_backup_003",
      "label": "benign",
      "source_kind": "directory",
      "event_count": 12,
      "entropy_event_count": 6,
      "frame_count": 6,
      "sequence_count": 4
    },
    {
      "run_id": "original/win7-120gb-hdd/benign_browser_001",
      "label": "benign",
      "source_kind": "directory",
      "event_count": 12,
      "entropy_event_count": 6,
      "frame_count": 6,
      "sequence_count": 4
    },
    {
      "run_id": "original/win7-120gb-hdd/benign_office_002",
      "label": "benign",
      "source_kind": "directory",
      "event_count": 9,
      "entropy_event_count": 3,
      "frame_count": 6,
      "sequence_count": 4
    },
    {
      "run_id": "original/win7-120gb-hdd/locky_attack_001",
      "label": "attack",
      "source_kind": "directory",
      "event_count": 18,
      "entropy_event_count": 12,
      "frame_count": 6,
      "sequence_count": 4
    }
  ]
}
