{
  "verdict": "INCONCLUSIVE",
  "reason": "Smoke run on a tiny schema fixture; not empirical evidence.",
  "source_mode": "fixture",
  "model": {
    "type": "numpy_mlp",
    "threshold": {
      "threshold": 12.350579261779785,
      "quantile": 0.95,
      "calibration_count": 4
    },
    "score_summary": {
      "train": {
        "count": 4,
        "mean": 0.010583057999610901,
        "std": 0.0045572868548333645,
        "min": 0.003875026013702154,
        "p50": 0.011598041281104088,
        "p90": 0.014959687367081642,
        "p99": 0.015230978839099407,
        "max": 0.015261122025549412
      },
      "calibration": {
        "count": 4,
        "mean": 11.132240295410156,
        "std": 1.1286468505859375,
        "min": 9.904104232788086,
        "p50": 11.116476058959961,
        "p90": 12.309259414672852,
        "p99": 12.383635520935059,
        "max": 12.391900062561035
      },
      "test": {
        "count": 8,
        "mean": 81.40912628173828,
        "std": 76.31587219238281,
        "min": 4.774270057678223,
        "p50": 78.71837615966797,
        "p90": 161.24237060546875,
        "p99": 164.52215576171875,
        "max": 164.88658142089844
      }
    },
    "metrics_at_threshold": {
      "threshold": 12.350579261779785,
      "tp": 4,
      "fp": 0,
      "tn": 4,
      "fn": 0,
      "precision": 1.0,
      "recall": 1.0,
      "false_positive_rate": 0.0,
      "true_negative_rate": 1.0,
      "auroc": 1.0,
      "average_precision": 1.0,
      "false_alarms_per_day_approx": 0.0
    }
  },
  "baselines": {
    "write_ratio": {
      "threshold": {
        "threshold": 0.3333333432674408,
        "quantile": 0.95,
        "calibration_count": 4
      },
      "score_summary": {
        "calibration": {
          "count": 4,
          "mean": 0.25,
          "std": 0.0833333358168602,
          "min": 0.1666666716337204,
          "p50": 0.25,
          "p90": 0.3333333432674408,
          "p99": 0.3333333432674408,
          "max": 0.3333333432674408
        },
        "test": {
          "count": 8,
          "mean": 0.5833333730697632,
          "std": 0.0833333432674408,
          "min": 0.5,
          "p50": 0.5833333730697632,
          "p90": 0.6666666865348816,
          "p99": 0.6666666865348816,
          "max": 0.6666666865348816
        }
      },
      "metrics_at_threshold": {
        "threshold": 0.3333333432674408,
        "tp": 4,
        "fp": 4,
        "tn": 0,
        "fn": 0,
        "precision": 0.5,
        "recall": 1.0,
        "false_positive_rate": 1.0,
        "true_negative_rate": 0.0,
        "auroc": 1.0,
        "average_precision": 1.0,
        "false_alarms_per_day_approx": 8640.0
      }
    },
    "mean_write_entropy": {
      "threshold": {
        "threshold": 0.11283333599567413,
        "quantile": 0.95,
        "calibration_count": 4
      },
      "score_summary": {
        "calibration": {
          "count": 4,
          "mean": 0.0833333358168602,
          "std": 0.028382308781147003,
          "min": 0.053333330899477005,
          "p50": 0.0833333283662796,
          "p90": 0.11233333498239517,
          "p99": 0.11323333531618118,
          "max": 0.1133333370089531
        },
        "test": {
          "count": 8,
          "mean": 0.51583331823349,
          "std": 0.4009060859680176,
          "min": 0.10999999195337296,
          "p50": 0.512499988079071,
          "p90": 0.9259999394416809,
          "p99": 0.9280999302864075,
          "max": 0.9283332824707031
        }
      },
      "metrics_at_threshold": {
        "threshold": 0.11283333599567413,
        "tp": 4,
        "fp": 3,
        "tn": 1,
        "fn": 0,
        "precision": 0.5714285714285714,
        "recall": 1.0,
        "false_positive_rate": 0.75,
        "true_negative_rate": 0.25,
        "auroc": 1.0,
        "average_precision": 1.0,
        "false_alarms_per_day_approx": 6480.0
      }
    }
  },
  "splits": {
    "train": {
      "run_count": 1,
      "sequence_count": 4,
      "run_ids": [
        "original/win7-120gb-hdd/benign_backup_003"
      ]
    },
    "calibration": {
      "run_count": 1,
      "sequence_count": 4,
      "run_ids": [
        "original/win7-120gb-hdd/benign_office_002"
      ]
    },
    "test": {
      "run_count": 2,
      "sequence_count": 8,
      "run_ids": [
        "original/win7-120gb-hdd/benign_browser_001",
        "original/win7-120gb-hdd/locky_attack_001"
      ]
    }
  },
  "runs": [
    {
      "run_id": "original/win7-120gb-hdd/benign_backup_003",
      "label": "benign",
      "source_kind": "directory",
      "event_count": 12,
      "entropy_event_count": 6,
      "frame_count": 6,
      "sequence_count": 4
    },
    {
      "run_id": "original/win7-120gb-hdd/benign_browser_001",
      "label": "benign",
      "source_kind": "directory",
      "event_count": 12,
      "entropy_event_count": 6,
      "frame_count": 6,
      "sequence_count": 4
    },
    {
      "run_id": "original/win7-120gb-hdd/benign_office_002",
      "label": "benign",
      "source_kind": "directory",
      "event_count": 9,
      "entropy_event_count": 3,
      "frame_count": 6,
      "sequence_count": 4
    },
    {
      "run_id": "original/win7-120gb-hdd/locky_attack_001",
      "label": "attack",
      "source_kind": "directory",
      "event_count": 18,
      "entropy_event_count": 12,
      "frame_count": 6,
      "sequence_count": 4
    }
  ]
}
