{
  "type": "numpy_mlp",
  "config": {
    "input_dim": 120,
    "latent_dim": 6,
    "learning_rate": 0.01,
    "epochs": 30,
    "batch_size": 4,
    "seed": 7
  },
  "loss_history": [
    0.05422322079539299,
    0.05045286938548088,
    0.04780847206711769,
    0.04581974819302559,
    0.04414369910955429,
    0.04261315241456032,
    0.041150227189064026,
    0.03971172496676445,
    0.03826972469687462,
    0.03680921718478203,
    0.03532809764146805,
    0.03383440151810646,
    0.0323408804833889,
    0.03085767664015293,
    0.029386578127741814,
    0.027923086658120155,
    0.02646522969007492,
    0.025018902495503426,
    0.02359551563858986,
    0.022206706926226616,
    0.02086038701236248,
    0.019560130313038826,
    0.018308980390429497,
    0.017111947759985924,
    0.01597379334270954,
    0.014896968379616737,
    0.013883880339562893,
    0.01293990109115839,
    0.012072169221937656,
    0.011286246590316296
  ],
  "memory_estimate": {
    "parameter_count": 1566,
    "weight_bytes_fp32": 6264,
    "weight_bytes_int8": 1566,
    "single_input_bytes_fp32": 480,
    "single_latent_bytes_fp32": 24,
    "rough_model_path_bytes_fp32": 7248
  },
  "normalizer": {
    "method": "median_mad_with_std_fallback",
    "epsilon": 1e-06,
    "center_shape": [
      3,
      40
    ],
    "scale_shape": [
      3,
      40
    ]
  }
}
