{
  "type": "numpy_mlp",
  "config": {
    "input_dim": 36,
    "latent_dim": 6,
    "learning_rate": 0.01,
    "epochs": 30,
    "batch_size": 4,
    "seed": 7
  },
  "loss_history": [
    0.2790467441082001,
    0.26038697361946106,
    0.2436385154724121,
    0.228440523147583,
    0.214549720287323,
    0.20180171728134155,
    0.1900612711906433,
    0.1791873425245285,
    0.16902261972427368,
    0.15941379964351654,
    0.150233194231987,
    0.1413877159357071,
    0.13282093405723572,
    0.12451069802045822,
    0.11646364629268646,
    0.10870814323425293,
    0.10128579288721085,
    0.09424354135990143,
    0.08762755244970322,
    0.08147790282964706,
    0.07582196593284607,
    0.07066647708415985,
    0.06599215418100357,
    0.06175532937049866,
    0.0578966848552227,
    0.054352451115846634,
    0.05106334388256073,
    0.047979723662137985,
    0.04506456106901169,
    0.042295318096876144
  ],
  "memory_estimate": {
    "parameter_count": 474,
    "weight_bytes_fp32": 1896,
    "weight_bytes_int8": 474,
    "single_input_bytes_fp32": 144,
    "single_latent_bytes_fp32": 24,
    "rough_model_path_bytes_fp32": 2208
  },
  "score_weights": [
    1.0,
    1.0,
    1.0,
    1.0,
    1.0,
    0.5,
    0.5,
    1.0,
    0.0,
    0.0,
    0.0,
    0.0
  ],
  "normalizer": {
    "method": "median_mad_with_std_fallback",
    "epsilon": 1e-06,
    "center_shape": [
      3,
      12
    ],
    "scale_shape": [
      3,
      12
    ]
  }
}
