{
  "type": "numpy_mlp",
  "config": {
    "input_dim": 120,
    "latent_dim": 6,
    "learning_rate": 0.01,
    "epochs": 30,
    "batch_size": 4,
    "seed": 7
  },
  "loss_history": [
    0.05343253165483475,
    0.04977434501051903,
    0.04727175459265709,
    0.04549508914351463,
    0.04413240775465965,
    0.04296690598130226,
    0.04186764732003212,
    0.04076449200510979,
    0.03962086886167526,
    0.03841841593384743,
    0.03715066239237785,
    0.0358203649520874,
    0.034438688308000565,
    0.033023785799741745,
    0.03159870579838753,
    0.030188392847776413,
    0.028814736753702164,
    0.027492303401231766,
    0.02622864954173565,
    0.025025883689522743,
    0.023883363232016563,
    0.02280484512448311,
    0.021803850308060646,
    0.020896272733807564,
    0.02009010687470436,
    0.019382953643798828,
    0.018764222040772438,
    0.018217260017991066,
    0.017720548436045647,
    0.017252285033464432
  ],
  "memory_estimate": {
    "parameter_count": 1566,
    "weight_bytes_fp32": 6264,
    "weight_bytes_int8": 1566,
    "single_input_bytes_fp32": 480,
    "single_latent_bytes_fp32": 24,
    "rough_model_path_bytes_fp32": 7248
  },
  "normalizer": {
    "method": "median_mad_with_std_fallback",
    "epsilon": 1e-06,
    "center_shape": [
      3,
      5,
      8
    ],
    "scale_shape": [
      3,
      5,
      8
    ]
  }
}
