{
  "type": "numpy_mlp",
  "config": {
    "input_dim": 36,
    "latent_dim": 6,
    "learning_rate": 0.01,
    "epochs": 30,
    "batch_size": 4,
    "seed": 7
  },
  "loss_history": [
    0.3121197521686554,
    0.2839542627334595,
    0.25964057445526123,
    0.23895390331745148,
    0.2215140461921692,
    0.20680010318756104,
    0.19423259794712067,
    0.18327388167381287,
    0.17344337701797485,
    0.1643286794424057,
    0.15560825169086456,
    0.14705751836299896,
    0.13854219019412994,
    0.13000981509685516,
    0.12148083746433258,
    0.11303660273551941,
    0.10479893535375595,
    0.09690240025520325,
    0.08946812152862549,
    0.08258619904518127,
    0.07630977779626846,
    0.07065525650978088,
    0.0656019076704979,
    0.06109309196472168,
    0.0570441335439682,
    0.0533573180437088,
    0.049940288066864014,
    0.04672218859195709,
    0.04366327077150345,
    0.040755875408649445
  ],
  "memory_estimate": {
    "parameter_count": 474,
    "weight_bytes_fp32": 1896,
    "weight_bytes_int8": 474,
    "single_input_bytes_fp32": 144,
    "single_latent_bytes_fp32": 24,
    "rough_model_path_bytes_fp32": 2208
  },
  "score_weights": [
    1.0,
    1.0,
    1.0,
    1.0,
    1.0,
    1.0,
    1.0,
    1.0,
    0.5,
    0.5,
    1.0,
    0.0
  ],
  "normalizer": {
    "method": "median_mad_with_std_fallback",
    "epsilon": 1e-06,
    "center_shape": [
      3,
      12
    ],
    "scale_shape": [
      3,
      12
    ]
  }
}
