{
  "type": "numpy_mlp",
  "config": {
    "input_dim": 36,
    "latent_dim": 6,
    "hidden_dim": 32,
    "learning_rate": 0.01,
    "epochs": 30,
    "batch_size": 4,
    "seed": 7
  },
  "loss_history": [
    0.24741584062576294,
    0.1922757476568222,
    0.15342560410499573,
    0.12201780080795288,
    0.09415123611688614,
    0.07009285688400269,
    0.05209846422076225,
    0.04196205362677574,
    0.03872768208384514,
    0.03923114389181137,
    0.04022221267223358,
    0.03941761329770088,
    0.036071959882974625,
    0.0314868800342083,
    0.02765403874218464,
    0.02492622099816799,
    0.022016342729330063,
    0.018450848758220673,
    0.014912470243871212,
    0.012010745704174042,
    0.009806270711123943,
    0.008096246980130672,
    0.006679374724626541,
    0.005414849147200584,
    0.004271118901669979,
    0.0033643932547420263,
    0.0028802743181586266,
    0.0028773308731615543,
    0.003151077078655362,
    0.0033830590546131134
  ],
  "memory_estimate": {
    "parameter_count": 2794,
    "weight_bytes_fp32": 11176,
    "weight_bytes_int8": 2794,
    "single_input_bytes_fp32": 144,
    "single_hidden_bytes_fp32": 128,
    "single_latent_bytes_fp32": 24,
    "rough_model_path_bytes_fp32": 11744
  },
  "score_weights": [
    1.0,
    1.0,
    1.0,
    1.0,
    1.0,
    0.5,
    0.5,
    1.0,
    0.0,
    0.0,
    0.0,
    0.0
  ],
  "normalizer": {
    "method": "median_mad_with_std_fallback",
    "epsilon": 1e-06,
    "center_shape": [
      3,
      12
    ],
    "scale_shape": [
      3,
      12
    ]
  }
}
