run_id,label,sequence_index,ae_score,write_ratio_score,entropy_score
original/win7-120gb-hdd/benign_browser_001,benign,0,4.836350440979004,0.5,0.11999999731779099
original/win7-120gb-hdd/benign_browser_001,benign,1,5.1133294105529785,0.5,0.1133333370089531
original/win7-120gb-hdd/benign_browser_001,benign,2,5.476412296295166,0.5,0.11666666716337204
original/win7-120gb-hdd/benign_browser_001,benign,3,5.221805095672607,0.5,0.10999999195337296
original/win7-120gb-hdd/locky_attack_001,attack,4,153.1836700439453,0.6666666865348816,0.9049999713897705
original/win7-120gb-hdd/locky_attack_001,attack,5,155.59588623046875,0.6666666865348816,0.9083333015441895
original/win7-120gb-hdd/locky_attack_001,attack,6,160.70863342285156,0.6666666865348816,0.9249999523162842
original/win7-120gb-hdd/locky_attack_001,attack,7,166.52536010742188,0.6666666865348816,0.9283332824707031
