run_id,label,sequence_index,ae_score,write_ratio_score,entropy_score
original/win7-120gb-hdd/benign_browser_001,benign,0,54.9722785949707,0.5,0.11999999731779099
original/win7-120gb-hdd/benign_browser_001,benign,1,40.95720672607422,0.5,0.1133333370089531
original/win7-120gb-hdd/benign_browser_001,benign,2,33.2456169128418,0.5,0.11666666716337204
original/win7-120gb-hdd/benign_browser_001,benign,3,27.38399887084961,0.5,0.10999999195337296
original/win7-120gb-hdd/locky_attack_001,attack,4,1959.544921875,0.6666666865348816,0.9049999713897705
original/win7-120gb-hdd/locky_attack_001,attack,5,1424.6580810546875,0.6666666865348816,0.9083333015441895
original/win7-120gb-hdd/locky_attack_001,attack,6,1145.078369140625,0.6666666865348816,0.9249999523162842
original/win7-120gb-hdd/locky_attack_001,attack,7,1004.4680786132812,0.6666666865348816,0.9283332824707031
