run_id,label,sequence_index,ae_score,write_ratio_score,entropy_score
original/win7-120gb-hdd/benign_browser_001,benign,0,54.41435623168945,0.5,0.11999999731779099
original/win7-120gb-hdd/benign_browser_001,benign,1,41.65058135986328,0.5,0.1133333370089531
original/win7-120gb-hdd/benign_browser_001,benign,2,33.31800079345703,0.5,0.11666666716337204
original/win7-120gb-hdd/benign_browser_001,benign,3,28.9332218170166,0.5,0.10999999195337296
original/win7-120gb-hdd/locky_attack_001,attack,4,1947.966552734375,0.6666666865348816,0.9049999713897705
original/win7-120gb-hdd/locky_attack_001,attack,5,1433.2349853515625,0.6666666865348816,0.9083333015441895
original/win7-120gb-hdd/locky_attack_001,attack,6,1157.280517578125,0.6666666865348816,0.9249999523162842
original/win7-120gb-hdd/locky_attack_001,attack,7,1016.5532836914062,0.6666666865348816,0.9283332824707031
