run_id,label,sequence_index,ae_score,write_ratio_score,entropy_score
original/win7-120gb-hdd/benign_browser_001,benign,0,56.855735778808594,0.5,0.11999999731779099
original/win7-120gb-hdd/benign_browser_001,benign,1,42.57917404174805,0.5,0.1133333370089531
original/win7-120gb-hdd/benign_browser_001,benign,2,30.786447525024414,0.5,0.11666666716337204
original/win7-120gb-hdd/benign_browser_001,benign,3,24.42584991455078,0.5,0.10999999195337296
original/win7-120gb-hdd/locky_attack_001,attack,4,2729.961669921875,0.6666666865348816,0.9049999713897705
original/win7-120gb-hdd/locky_attack_001,attack,5,2063.7353515625,0.6666666865348816,0.9083333015441895
original/win7-120gb-hdd/locky_attack_001,attack,6,1505.3223876953125,0.6666666865348816,0.9249999523162842
original/win7-120gb-hdd/locky_attack_001,attack,7,1158.91796875,0.6666666865348816,0.9283332824707031
