run_id,label,sequence_index,ae_score,write_ratio_score,entropy_score
original/win7-120gb-hdd/benign_browser_001,benign,0,4.774270057678223,0.5,0.11999999731779099
original/win7-120gb-hdd/benign_browser_001,benign,1,5.212496280670166,0.5,0.1133333370089531
original/win7-120gb-hdd/benign_browser_001,benign,2,5.466875076293945,0.5,0.11666666716337204
original/win7-120gb-hdd/benign_browser_001,benign,3,5.2541184425354,0.5,0.10999999195337296
original/win7-120gb-hdd/locky_attack_001,attack,4,151.96987915039062,0.6666666865348816,0.9049999713897705
original/win7-120gb-hdd/locky_attack_001,attack,5,154.02822875976562,0.6666666865348816,0.9083333015441895
original/win7-120gb-hdd/locky_attack_001,attack,6,159.68057250976562,0.6666666865348816,0.9249999523162842
original/win7-120gb-hdd/locky_attack_001,attack,7,164.88658142089844,0.6666666865348816,0.9283332824707031
